{"cameraMode":{"drawMode":0,"name":"Shaded","section":"Shading Mode"},"sceneLighting":true,"audioPlay":false,"sceneViewState":{"showFog":true,"showMaterialUpdate":false,"showSkybox":true,"showFlares":true,"showImageEffects":true,"showParticleSystems":true},"in2DMode":false,"pivot":{"x":3.8943588733673097,"y":8.337067604064942,"z":30.07223129272461},"rotation":{"x":-0.010394083335995674,"y":0.9861674308776856,"z":-0.15087641775608064,"w":-0.0681806430220604},"size":15.896984100341797,"orthographic":false}